continent,location,date,population,highest_infection_count,per_pop_infected
Europe,Andorra,2021-04-30,77265,13232,17.125477253607713
Europe,Andorra,2021-04-29,77265,13198,17.08147285316767
Europe,Andorra,2021-04-28,77265,13148,17.01676049957937
Europe,Andorra,2021-04-27,77265,13121,16.98181582864169
Europe,Andorra,2021-04-26,77265,13083,16.93263443991458
Europe,Andorra,2021-04-25,77265,13060,16.90286675726396
Europe,Andorra,2021-04-24,77265,13024,16.856273862680386
Europe,Andorra,2021-04-23,77265,13007,16.834271662460367
Europe,Andorra,2021-04-22,77265,12942,16.750145602795573
Europe,Andorra,2021-04-21,77265,12917,16.717789426001424
Europe,Andorra,2021-04-20,77265,12874,16.662136801915487
Europe,Andorra,2021-04-19,77265,12805,16.572833753963632
Europe,Andorra,2021-04-18,77265,12805,16.572833753963632
Europe,Andorra,2021-04-17,77265,12771,16.528829353523587
Europe,Andorra,2021-04-16,77265,12712,16.452468776289393
Europe,Andorra,2021-04-15,77265,12641,16.360577234194007
Europe,Andorra,2021-04-14,77265,12641,16.360577234194007
Europe,Andorra,2021-04-13,77265,12614,16.325632563256328
Europe,Andorra,2021-12-04,77265,12581,16.282922409888048
Europe,Andorra,2021-11-04,77265,12545,16.23632951530447
Europe,Andorra,2021-10-04,77265,12497,16.1742056558597
Europe,Andorra,2021-09-04,77265,12456,16.1211415259173
Europe,Andorra,2021-08-04,77265,12409,16.060311913544297
Europe,Andorra,2021-07-04,77265,12363,16.00077654824306
Europe,Andorra,2021-06-04,77265,12328,15.95547790073125
Europe,Andorra,2021-05-04,77265,12286,15.901119523717078
Europe,Andorra,2021-04-04,77265,12231,15.829935934769948
Europe,Andorra,2021-03-04,77265,12174,15.756163851679286
Europe,Andorra,2021-02-04,77265,12115,15.679803274445092
Europe,Andorra,2021-01-04,77265,12053,15.599559955995598
Europe,Andorra,2021-03-31,77265,12010,15.543907331909661
Europe,Montenegro,2021-04-30,628062,97389,15.506271673815641
Europe,Montenegro,2021-04-29,628062,97257,15.485254640465431
Europe,Andorra,2021-03-30,77265,11944,15.458487025173106
Europe,Montenegro,2021-04-28,628062,97080,15.457072709382194
Europe,Montenegro,2021-04-27,628062,96930,15.433189716938772
Europe,Montenegro,2021-04-26,628062,96779,15.409147504545729
Europe,Montenegro,2021-04-25,628062,96660,15.390200330540615
Europe,Andorra,2021-03-29,77265,11888,15.38600918915421
Europe,Montenegro,2021-04-24,628062,96499,15.364565918651344
Europe,Montenegro,2021-04-23,628062,96348,15.340523706258299
Europe,Andorra,2021-03-28,77265,11850,15.336827800427102
Europe,Montenegro,2021-04-22,628062,96187,15.314889294369028
Europe,Montenegro,2021-04-21,628062,96048,15.292757721371459
Europe,Andorra,2021-03-27,77265,11809,15.283763670484696
Europe,Montenegro,2021-04-20,628062,95894,15.268237849129546
Europe,Montenegro,2021-04-19,628062,95695,15.236553079154605
Europe,Czechia,2021-04-30,10708982,1630758,15.22794603632726
Europe,Montenegro,2021-04-18,628062,95551,15.213625406408921
Europe,Czechia,2021-04-29,10708982,1628536,15.207197098659798
Europe,Montenegro,2021-04-17,628062,95377,15.185921135174551
Europe,Andorra,2021-03-26,77265,11732,15.184106645958714
Europe,Czechia,2021-04-28,10708982,1626033,15.183824195427725
Europe,Montenegro,2021-04-16,628062,95205,15.158535303839429
Europe,Czechia,2021-04-27,10708982,1622777,15.153419811518967
Europe,Montenegro,2021-04-15,628062,95042,15.132582452050913
Europe,Czechia,2021-04-26,10708982,1620206,15.129411927296172
Europe,Andorra,2021-03-25,77265,11687,15.125865527729243
Europe,Czechia,2021-04-25,10708982,1619383,15.121726789717268
Europe,Czechia,2021-04-24,10708982,1618068,15.109447377911364
Europe,Montenegro,2021-04-14,628062,94859,15.103445201269938
Europe,Czechia,2021-04-23,10708982,1615461,15.085103327281715
Europe,Montenegro,2021-04-13,628062,94643,15.069053692151414
Europe,Andorra,2021-03-24,77265,11638,15.06244742121271
Europe,Czechia,2021-04-22,10708982,1612832,15.060553841625657
Europe,Montenegro,2021-12-04,628062,94419,15.033388423435904
Europe,Czechia,2021-04-21,10708982,1609861,15.032810775104489
Europe,Montenegro,2021-11-04,628062,94269,15.009505430992482
Europe,Andorra,2021-03-23,77265,11591,15.001617808839708
Europe,Czechia,2021-04-20,10708982,1606030,14.997037066641816
Europe,Montenegro,2021-10-04,628062,94035,14.972247962780743
Europe,Czechia,2021-04-19,10708982,1602711,14.966044391521061
Europe,Czechia,2021-04-18,10708982,1601881,14.958293888251935
Europe,Czechia,2021-04-17,10708982,1600341,14.9439134364032
Europe,Andorra,2021-03-22,77265,11545,14.942082443538471
Europe,Montenegro,2021-09-04,628062,93803,14.935308934468253
Europe,Czechia,2021-04-16,10708982,1597103,14.913677135697863
Europe,Andorra,2021-03-21,77265,11517,14.905843525529022
Europe,Montenegro,2021-08-04,628062,93566,14.897573806407646
Europe,Czechia,2021-04-15,10708982,1593847,14.883272751789105
Europe,Andorra,2021-03-20,77265,11481,14.859250630945448
Europe,Montenegro,2021-07-04,628062,93309,14.856654279354586
Europe,Czechia,2021-04-14,10708982,1590124,14.848507542546995
Europe,Montenegro,2021-06-04,628062,93030,14.812231913409823
Europe,Czechia,2021-04-13,10708982,1585037,14.80100536166743
Europe,Andorra,2021-03-19,77265,11431,14.794538277357146
Europe,Montenegro,2021-05-04,628062,92740,14.766058128019207
Europe,Czechia,2021-12-04,10708982,1581184,14.765026218178349
Europe,Czechia,2021-11-04,10708982,1580189,14.755734952211144
Europe,Andorra,2021-03-18,77265,11393,14.74535688863004
Europe,Czechia,2021-10-04,10708982,1577972,14.735032704322409
Europe,Montenegro,2021-04-04,628062,92519,14.730870519152568
Europe,Andorra,2021-03-17,77265,11360,14.702646735261762
Europe,Czechia,2021-09-04,10708982,1573153,14.690033095582756
Europe,Montenegro,2021-03-04,628062,92222,14.683582194114594
Europe,Andorra,2021-03-16,77265,11319,14.649582605319356
Europe,Czechia,2021-08-04,10708982,1567848,14.640495240350576
Europe,Montenegro,2021-02-04,628062,91906,14.633268690033788
Europe,Andorra,2021-03-15,77265,11289,14.610755193166375
Europe,Andorra,2021-03-14,77265,11266,14.580987510515758
Europe,Montenegro,2021-01-04,628062,91573,14.58024844680939
Europe,Czechia,2021-07-04,10708982,1560777,14.574466555271078
Europe,Andorra,2021-03-13,77265,11228,14.531806121788648
Europe,Montenegro,2021-03-31,628062,91218,14.523725364693293
Europe,Czechia,2021-06-04,10708982,1555245,14.522808984084575
Europe,Czechia,2021-05-04,10708982,1553820,14.50950239714662
Europe,Andorra,2021-12-03,77265,11199,14.494272956707436
Europe,Czechia,2021-04-04,10708982,1551896,14.491536170291445
Europe,Czechia,2021-03-04,10708982,1549734,14.471347509968735
Europe,Montenegro,2021-03-30,628062,90832,14.46226646413889
Europe,Czechia,2021-02-04,10708982,1545865,14.435218959187718
Europe,Andorra,2021-11-03,77265,11130,14.404969908755582
Europe,Andorra,2021-10-03,77265,11130,14.404969908755582
Europe,Montenegro,2021-03-29,628062,90418,14.396349404995048
Europe,Czechia,2021-01-04,10708982,1539617,14.376875411687124
Europe,Andorra,2021-09-03,77265,11089,14.351905778813176
Europe,Montenegro,2021-03-28,628062,90083,14.343010721871408
Europe,Andorra,2021-08-03,77265,11069,14.326020837377856
Europe,Czechia,2021-03-31,10708982,1532332,14.308848404077997
Europe,Andorra,2021-07-03,77265,11042,14.291076166440172
Europe,Montenegro,2021-03-27,628062,89732,14.287124519553801
Europe,Andorra,2021-06-03,77265,11019,14.261308483789556
Europe,Andorra,2021-05-03,77265,10998,14.234129295282468
Europe,Montenegro,2021-03-26,628062,89363,14.228372358142986
Europe,Czechia,2021-03-30,10708982,1523668,14.227944355495229
Europe,Andorra,2021-04-03,77265,10976,14.205655859703617
Europe,Andorra,2021-03-03,77265,10948,14.169416941694168
Europe,Montenegro,2021-03-25,628062,88991,14.1691425368833
Europe,Czechia,2021-03-29,10708982,1516772,14.163549812671269
Europe,Czechia,2021-03-28,10708982,1515029,14.147273755806108
Europe,Andorra,2021-02-03,77265,10908,14.117647058823529
Europe,Czechia,2021-03-27,10708982,1511021,14.109847229176406
Europe,Montenegro,2021-03-24,628062,88550,14.098926539099644
Europe,Andorra,2021-01-03,77265,10889,14.093056364459974
Europe,Andorra,2021-02-28,77265,10866,14.063288681809357
Europe,Andorra,2021-02-27,77265,10849,14.041286481589335
Europe,Czechia,2021-03-26,10708982,1503307,14.037814238552274
Europe,Montenegro,2021-03-23,628062,88116,14.029825080963345
Europe,Andorra,2021-02-26,77265,10822,14.006341810651653
Europe,Andorra,2021-02-25,77265,10799,13.976574128001035
Europe,Czechia,2021-03-25,10708982,1495361,13.963614842195085
Europe,Montenegro,2021-03-22,628062,87638,13.953717945043643
Europe,Andorra,2021-02-24,77265,10775,13.945512198278651
Europe,Andorra,2021-02-23,77265,10739,13.898919303695076
Europe,Montenegro,2021-03-21,628062,87212,13.885890246504326
Europe,Czechia,2021-03-24,10708982,1486510,13.880964595887827
Europe,Andorra,2021-02-22,77265,10712,13.863974632757392
Europe,Andorra,2021-02-21,77265,10699,13.847149420824437
Europe,Montenegro,2021-03-20,628062,86782,13.81742566816652
Europe,Andorra,2021-02-20,77265,10672,13.812204749886753
Europe,Czechia,2021-03-23,10708982,1475538,13.77850854544344
Europe,Andorra,2021-02-19,77265,10645,13.777260078949071
Europe,Montenegro,2021-03-19,628062,86282,13.737815693355115
Europe,Andorra,2021-02-18,77265,10610,13.731961431437261
Europe,Czechia,2021-03-21,10708982,1469547,13.722564852569551
Europe,Czechia,2021-03-22,10708982,1467333,13.701890618548058
Europe,Andorra,2021-02-17,77265,10583,13.697016760499581
Europe,Andorra,2021-02-16,77265,10555,13.660777842490132
Europe,Montenegro,2021-03-18,628062,85774,13.656931958946728
Europe,Andorra,2021-02-15,77265,10538,13.63877564227011
Europe,Czechia,2021-03-20,10708982,1459406,13.627868643350041
Europe,Andorra,2021-02-14,77265,10503,13.5934769947583
Europe,Montenegro,2021-03-17,628062,85253,13.573978365193245
Europe,Andorra,2021-02-13,77265,10463,13.54170711188766
Europe,Czechia,2021-03-19,10708982,1449696,13.537197093057024
Europe,Andorra,2021-12-02,77265,10427,13.495114217304083
Europe,Montenegro,2021-03-16,628062,84700,13.485929733051833
Europe,Andorra,2021-11-02,77265,10391,13.448521322720508
Europe,Czechia,2021-03-18,10708982,1439019,13.437495739557692
Europe,Montenegro,2021-03-15,628062,84163,13.400428620104385
Europe,Andorra,2021-10-02,77265,10352,13.398045686921634
Europe,Andorra,2021-09-02,77265,10312,13.346275804050995
Europe,Montenegro,2021-03-14,628062,83693,13.325595243781665
Europe,Czechia,2021-03-17,10708982,1426991,13.3251788078456
Europe,Andorra,2021-08-02,77265,10275,13.298388662395652
Europe,Andorra,2021-07-02,77265,10251,13.267326732673268
Europe,Montenegro,2021-03-13,628062,83165,13.24152711038082
Europe,Andorra,2021-06-02,77265,10206,13.209085614443797
Europe,Czechia,2021-03-16,10708982,1412962,13.194176626685897
Europe,Andorra,2021-05-02,77265,10172,13.165081214003754
Europe,Montenegro,2021-12-03,628062,82610,13.153160038340165
Europe,Andorra,2021-04-02,77265,10137,13.119782566491944
Europe,Czechia,2021-03-15,10708982,1402420,13.095735897212265
Europe,Czechia,2021-03-14,10708982,1399078,13.064528449109355
Europe,Montenegro,2021-11-03,628062,82029,13.060653247609313
Europe,Andorra,2021-03-02,77265,10070,13.033068012683621
Europe,Czechia,2021-03-13,10708982,1392108,12.999442897560199
Europe,Montenegro,2021-10-03,628062,81457,12.969579436425066
Europe,Andorra,2021-02-02,77265,10017,12.964472917880023
Europe,Andorra,2021-01-02,77265,9972,12.906231799650552
Europe,Montenegro,2021-09-03,628062,80803,12.86544958937175
Europe,Andorra,2021-01-31,77265,9937,12.860933152138742
Europe,Czechia,2021-12-03,10708982,1376998,12.85834638623914
Europe,Andorra,2021-01-30,77265,9885,12.79363230440691
Europe,Montenegro,2021-08-03,628062,80191,12.768006980202593
Europe,Czechia,2021-11-03,10708982,1365724,12.753070273159484
Europe,Andorra,2021-01-29,77265,9837,12.731508444962145
Europe,Montenegro,2021-07-03,628062,79774,12.70161226120988
Europe,Andorra,2021-01-28,77265,9779,12.656442114799715
Europe,Czechia,2021-10-03,10708982,1351195,12.617399114126815
Europe,Montenegro,2021-06-03,628062,79237,12.616111148262432
Europe,Andorra,2021-01-27,77265,9716,12.574904549278457
Europe,Montenegro,2021-05-03,628062,78634,12.520101518639878
Europe,Andorra,2021-01-26,77265,9638,12.473953277680708
Europe,Czechia,2021-09-03,10708982,1335815,12.473781354754355
Europe,Montenegro,2021-04-03,628062,78060,12.428709267556387
Europe,Andorra,2021-01-25,77265,9596,12.419594900666537
Europe,Czechia,2021-08-03,10708982,1325291,12.37550870848415
Europe,Andorra,2021-01-24,77265,9549,12.358765288293535
Europe,Czechia,2021-07-03,10708982,1321331,12.338530403730253
Europe,Montenegro,2021-03-03,628062,77493,12.338431556120256
Europe,Andorra,2021-01-23,77265,9499,12.294052934705235
Europe,Czechia,2021-06-03,10708982,1312164,12.252929363407278
Europe,Montenegro,2021-02-03,628062,76868,12.238919087606002
Europe,Andorra,2021-01-22,77265,9416,12.186630427748657
Europe,Montenegro,2021-01-03,628062,76283,12.145775417076658
Europe,Andorra,2021-01-21,77265,9379,12.138743286093314
Europe,Czechia,2021-05-03,10708982,1299002,12.1300231898793
Europe,Montenegro,2021-02-28,628062,75834,12.074285659696017
Europe,Andorra,2021-01-20,77265,9308,12.046851743997928
Europe,Montenegro,2021-02-27,628062,75332,11.994357244985368
Europe,Czechia,2021-04-03,10708982,1284288,11.992624509033632
Europe,Montenegro,2021-02-26,628062,74789,11.907900812340182
Europe,Andorra,2021-01-19,77265,9194,11.899307577816606
Europe,Czechia,2021-03-03,10708982,1269058,11.850407443023062
Europe,Montenegro,2021-02-25,628062,74183,11.811413522868762
Europe,Andorra,2021-01-18,77265,9083,11.755646152850579
Europe,Andorra,2021-01-17,77265,9083,11.755646152850579
Europe,Montenegro,2021-02-24,628062,73612,11.720498931634138
Europe,Andorra,2021-01-16,77265,9038,11.69740503462111
Europe,Czechia,2021-02-03,10708982,1252242,11.693380379199441
Europe,Montenegro,2021-02-23,628062,72969,11.618120504026672
Europe,Czechia,2021-01-03,10708982,1240051,11.579541360700766
Europe,Andorra,2021-01-15,77265,8946,11.578334304018636
Europe,Czechia,2021-02-28,10708982,1235480,11.536857564986104
Europe,Montenegro,2021-02-22,628062,72395,11.52672825294318
Europe,Andorra,2021-01-14,77265,8868,11.477383032420889
Europe,Czechia,2021-02-27,10708982,1227595,11.463227783929415
Europe,Montenegro,2021-02-21,628062,71995,11.463040273094057
Europe,Andorra,2021-01-13,77265,8818,11.412670678832589
Europe,Montenegro,2021-02-20,628062,71593,11.399033853345689
Europe,Czechia,2021-02-26,10708982,1212780,11.324885969553408
Europe,Montenegro,2021-02-19,628062,71112,11.322449057577117
Europe,Montenegro,2021-02-18,628062,70658,11.250163200448364
Europe,Andorra,2021-12-01,77265,8682,11.236653077072413
Europe,Czechia,2021-02-25,10708982,1198168,11.188439760193827
Europe,Montenegro,2021-02-17,628062,70174,11.173100744830924
Europe,Andorra,2021-11-01,77265,8586,11.112405358182876
Europe,Andorra,2021-10-01,77265,8586,11.112405358182876
Europe,Andorra,2021-09-01,77265,8586,11.112405358182876
Europe,Montenegro,2021-02-16,628062,69770,11.10877588518331
Europe,Czechia,2021-02-24,10708982,1184352,11.059426563608007
Europe,Montenegro,2021-02-15,628062,69294,11.032987189162853
Europe,Andorra,2021-08-01,77265,8489,10.986863392221576
Europe,Montenegro,2021-02-14,628062,68921,10.973598147953547
Europe,Czechia,2021-02-23,10708982,1168491,10.911317247521753
Europe,Montenegro,2021-02-13,628062,68476,10.902745270371396
Europe,Montenegro,2021-12-02,628062,68004,10.827593454149431
Europe,Czechia,2021-02-22,10708982,1157180,10.805695630079498
Europe,Andorra,2021-07-01,77265,8348,10.80437455510257
Europe,Andorra,2021-06-01,77265,8348,10.80437455510257
Europe,Czechia,2021-02-21,10708982,1153159,10.768147710025099
Europe,Andorra,2021-05-01,77265,8308,10.752604672231929
Europe,Montenegro,2021-11-02,628062,67441,10.73795262251179
Europe,Luxembourg,2021-04-30,625976,67205,10.736034608355592
Europe,Luxembourg,2021-04-29,625976,67045,10.710474522984907
Europe,Czechia,2021-02-20,10708982,1146321,10.704294768634403
Europe,Andorra,2021-04-01,77265,8249,10.676244094997735
Europe,Luxembourg,2021-04-28,625976,66826,10.675489156133782
Europe,Montenegro,2021-10-02,628062,66857,10.64496817193207
Europe,Luxembourg,2021-04-27,625976,66594,10.63842703234629
Europe,Luxembourg,2021-04-26,625976,66374,10.603281914961595
Europe,Andorra,2021-03-01,77265,8192,10.602472011907073
Europe,Czechia,2021-02-19,10708982,1134957,10.598178239537614
Europe,Andorra,2021-02-01,77265,8166,10.568821588041157
Europe,Montenegro,2021-09-02,628062,66234,10.545774143317061
Europe,Luxembourg,2021-04-25,625976,66007,10.544653469142586
Europe,Luxembourg,2021-04-24,625976,66007,10.544653469142586
Europe,Luxembourg,2021-04-23,625976,66007,10.544653469142586
Europe,Luxembourg,2021-04-22,625976,65813,10.513661865630631
Europe,Andorra,2021-01-01,77265,8117,10.505403481524624
Europe,Czechia,2021-02-18,10708982,1123252,10.488877467531461
Europe,Luxembourg,2021-04-21,625976,65604,10.480274004115174
Europe,Montenegro,2021-08-02,628062,65657,10.4539042323847
Europe,Luxembourg,2021-04-20,625976,65319,10.434745102048641
Europe,Andorra,2020-12-31,77265,8049,10.417394680644534
Europe,Luxembourg,2021-04-19,625976,65144,10.406788758674454
Asia,Bahrain,2021-04-30,1701583,176934,10.398199793956568
Europe,Czechia,2021-02-17,10708982,1112322,10.386813611228405
Europe,Montenegro,2021-07-02,628062,65227,10.385439654046893
Europe,Luxembourg,2021-04-18,625976,64746,10.343208046314874
Europe,Luxembourg,2021-04-17,625976,64746,10.343208046314874
Europe,Luxembourg,2021-04-16,625976,64746,10.343208046314874
Europe,Andorra,2020-12-30,77265,7983,10.331974373907979
Asia,Bahrain,2021-04-29,1701583,175752,10.328735066111967
Europe,Luxembourg,2021-04-15,625976,64549,10.311737191202218
Europe,Montenegro,2021-06-02,628062,64739,10.307740318630962
Europe,Luxembourg,2021-04-14,625976,64334,10.27739082648536
Europe,Czechia,2021-02-16,10708982,1099654,10.268520387838919
Asia,Bahrain,2021-04-28,1701583,174659,10.26450076193756
Europe,Andorra,2020-12-29,77265,7919,10.249142561314956
Europe,Luxembourg,2021-04-13,625976,64062,10.233938681355195
Europe,Montenegro,2021-05-02,628062,64168,10.216825727396339
Europe,Luxembourg,2021-12-04,625976,63880,10.204864084246042
Asia,Bahrain,2021-04-27,1701583,173548,10.199208619268058
Europe,Andorra,2020-12-28,77265,7875,10.19219569015725
Europe,Czechia,2021-02-15,10708982,1090860,10.18640240500918
Europe,Czechia,2021-02-14,10708982,1088009,10.159779893177522
Asia,Bahrain,2021-04-26,1701583,172576,10.142085340532905
Europe,Luxembourg,2021-11-04,625976,63467,10.13888711388296
Europe,Luxembourg,2021-10-04,625976,63467,10.13888711388296
Europe,Luxembourg,2021-09-04,625976,63467,10.13888711388296
Europe,Montenegro,2021-04-02,628062,63633,10.131643054348137
Europe,Andorra,2020-12-27,77265,7821,10.122306348281887
Europe,Czechia,2021-02-13,10708982,1082849,10.111596041528504
Europe,Andorra,2020-12-26,77265,7806,10.102892642205397
Europe,Luxembourg,2021-08-04,625976,63180,10.093038710749294
Asia,Bahrain,2021-04-25,1701583,171370,10.071210161361508
Europe,Montenegro,2021-03-02,628062,63118,10.049644780292391
Europe,Andorra,2020-12-25,77265,7756,10.038180288617097
Europe,Luxembourg,2021-07-04,625976,62793,10.03121525425895
Europe,Czechia,2021-12-02,10708982,1073966,10.028646980637374
Asia,Bahrain,2021-04-24,1701583,170335,10.010384447893522
Europe,Luxembourg,2021-06-04,625976,62625,10.00437716461973
Europe,Andorra,2020-12-24,77265,7699,9.964408205526434
Europe,Montenegro,2021-02-02,628062,62476,9.947425572634549
Asia,Bahrain,2021-04-23,1701583,169254,9.946855369382511
Europe,Czechia,2021-11-02,10708982,1064952,9.94447464754353
Europe,Andorra,2020-12-23,77265,7669,9.925580793373454
Europe,Luxembourg,2021-05-04,625976,62105,9.921306887165002
Europe,Luxembourg,2021-04-04,625976,62105,9.921306887165002
Europe,Luxembourg,2021-03-04,625976,62105,9.921306887165002
Europe,Luxembourg,2021-02-04,625976,62105,9.921306887165002
Europe,Luxembourg,2021-01-04,625976,61881,9.885522767646043
Asia,Bahrain,2021-04-22,1701583,168201,9.884971817419427
Europe,Andorra,2020-12-22,77265,7633,9.878987898789878
Europe,Montenegro,2021-01-02,628062,61972,9.867178718024654
Europe,Czechia,2021-10-02,10708982,1055415,9.85541856359456
Europe,Luxembourg,2021-03-31,625976,61642,9.847342390123583
Europe,Andorra,2020-12-21,77265,7602,9.838866239565133
Asia,Bahrain,2021-04-21,1701583,167165,9.824087335146155
Europe,Montenegro,2021-01-31,628062,61659,9.817342873792715
Europe,Andorra,2020-12-20,77265,7577,9.806510062770982
Europe,Luxembourg,2021-03-30,625976,61255,9.785518933633238
Europe,Andorra,2020-12-19,77265,7560,9.78450786255096
Asia,Bahrain,2021-04-20,1701583,166157,9.76484837942081
Europe,Czechia,2021-09-02,10708982,1045132,9.759396364659125
Europe,Luxembourg,2021-03-29,625976,61073,9.756444336524083
Europe,Montenegro,2021-01-30,628062,61202,9.744579356815091
Europe,Andorra,2020-12-18,77265,7519,9.731443732608556
Asia,Bahrain,2021-04-19,1701583,165118,9.70378759073169
Europe,Czechia,2021-08-02,10708982,1037405,9.687241980610295
Asia,Israel,2021-04-30,8655541,838481,9.687216547180586
Asia,Israel,2021-04-29,8655541,838407,9.686361603509242
Asia,Israel,2021-04-28,8655541,838323,9.685391126909341
Europe,Montenegro,2021-01-29,628062,60827,9.684871875706538
Asia,Israel,2021-04-27,8655541,838217,9.684166477866606
Asia,Israel,2021-04-26,8655541,838107,9.682895615652447
Asia,Israel,2021-04-25,8655541,838024,9.6819366923454
Asia,Israel,2021-04-24,8655541,837974,9.681359027702602
Asia,Israel,2021-04-23,8655541,837892,9.68041165768841
Asia,Israel,2021-04-22,8655541,837807,9.67942962779565
Asia,Israel,2021-04-21,8655541,837492,9.675790340546015
Asia,Israel,2021-04-20,8655541,837357,9.674230646010457
Asia,Israel,2021-04-19,8655541,837218,9.672624738303476
Asia,Israel,2021-04-18,8655541,837047,9.670649125225102
Asia,Israel,2021-04-16,8655541,836936,9.669366709718087
Asia,Israel,2021-04-15,8655541,836902,9.668973897760983
Asia,Israel,2021-04-17,8655541,836883,9.668754385196719
Asia,Israel,2021-04-14,8655541,836590,9.665369270389917
Europe,Czechia,2021-07-02,10708982,1034975,9.664550748147677
Europe,Andorra,2020-12-17,77265,7466,9.662848637804956
Asia,Israel,2021-04-13,8655541,836334,9.662411627418784
Asia,Israel,2021-12-04,8655541,836158,9.66037824787613
Europe,Luxembourg,2021-03-28,625976,60465,9.65931601211548
Europe,Luxembourg,2021-03-27,625976,60465,9.65931601211548
Europe,Luxembourg,2021-03-26,625976,60465,9.65931601211548
Asia,Israel,2021-11-04,8655541,835933,9.657778756983532
Asia,Israel,2021-10-04,8655541,835813,9.656392361840814
Asia,Israel,2021-09-04,8655541,835674,9.654786454133832
Asia,Israel,2021-08-04,8655541,835486,9.652614435076906
Asia,Israel,2021-07-04,8655541,835216,9.649495046005791
Asia,Israel,2021-06-04,8655541,834920,9.646075271320417
Asia,Bahrain,2021-04-18,1701583,164110,9.644548635006345
Asia,Israel,2021-05-04,8655541,834603,9.64241287748507
Asia,Israel,2021-04-04,8655541,834247,9.638299905228338
Europe,Andorra,2020-12-16,77265,7446,9.636963696369637
Asia,Israel,2021-03-04,8655541,834070,9.636254972392829
Asia,Israel,2021-02-04,8655541,833707,9.632061127086105
Asia,Israel,2021-01-04,8655541,833456,9.629161250579253
Asia,Israel,2021-03-31,8655541,833105,9.625106044786802
Asia,Israel,2021-03-30,8655541,832639,9.619722210315912
Europe,Czechia,2021-06-02,10708982,1030112,9.619140269355201
Europe,Luxembourg,2021-03-25,625976,60205,9.617780873388117
Asia,Israel,2021-03-29,8655541,832125,9.613783817787935
Asia,Israel,2021-03-28,8655541,831924,9.611461605923882
Asia,Israel,2021-03-27,8655541,831383,9.605211274488793
Asia,Israel,2021-03-26,8655541,831383,9.605211274488793
Europe,Montenegro,2021-01-28,628062,60288,9.599052322859846
Asia,Israel,2021-03-25,8655541,830845,9.598995602932273
Asia,Israel,2021-03-24,8655541,830028,9.589556562668932
Asia,Bahrain,2021-04-17,1701583,163113,9.585956136139112
Asia,Israel,2021-03-23,8655541,829689,9.585639996390752
Asia,Israel,2021-03-22,8655541,828764,9.574953200498964
Europe,Luxembourg,2021-03-24,625976,59907,9.570175214385216
Asia,Israel,2021-03-21,8655541,827772,9.563492333985826
Asia,Israel,2021-03-20,8655541,827220,9.55711491632932
Europe,Andorra,2020-12-15,77265,7382,9.554131883776613
Europe,Andorra,2020-12-14,77265,7382,9.554131883776613
Asia,Israel,2021-03-19,8655541,826609,9.550055854394312
Europe,Czechia,2021-05-02,10708982,1021477,9.538507021489064
Asia,Israel,2021-03-18,8655541,825562,9.537959556774094
Europe,Luxembourg,2021-03-23,625976,59662,9.531036333661353
Asia,Bahrain,2021-04-16,1701583,162089,9.525776879529237
Europe,Montenegro,2021-01-27,628062,59825,9.525333486184486
Asia,Israel,2021-03-17,8655541,824178,9.52196979946141
Asia,Israel,2021-03-16,8655541,822703,9.504928692498828
Europe,Luxembourg,2021-03-22,625976,59497,9.504677495622834
Europe,Andorra,2020-12-13,77265,7338,9.497185012618909
Asia,Israel,2021-03-15,8655541,820913,9.48424829828661
Europe,Czechia,2021-04-02,10708982,1013352,9.462636131053353
Asia,Israel,2021-03-14,8655541,818977,9.461881123317422
Asia,Bahrain,2021-04-15,1701583,160934,9.45789890942728
Asia,Israel,2021-03-13,8655541,817799,9.448271344333069
Europe,Montenegro,2021-01-26,628062,59262,9.435692654546845
Europe,Andorra,2020-12-12,77265,7288,9.432472659030608
Asia,Israel,2021-12-03,8655541,816198,9.429774522470636
Europe,Luxembourg,2021-03-21,625976,58955,9.41809270642964
Europe,Luxembourg,2021-03-20,625976,58955,9.41809270642964
Europe,Luxembourg,2021-03-19,625976,58955,9.41809270642964
Asia,Israel,2021-11-03,8655541,814250,9.407268707987173
Asia,Bahrain,2021-04-14,1701583,159964,9.40089316830269
Asia,Israel,2021-10-03,8655541,811492,9.37540472629036
Europe,Luxembourg,2021-03-18,625976,58674,9.373202806497375
Europe,Czechia,2021-03-02,10708982,1003657,9.372104650096526
Europe,Andorra,2020-11-12,77265,7236,9.365171811298776
Europe,Montenegro,2021-01-25,628062,58697,9.345733383009957
Asia,Israel,2021-09-03,8655541,808262,9.338087590365523
Asia,Bahrain,2021-04-13,1701583,158789,9.331839822095073
Europe,Luxembourg,2021-03-17,625976,58408,9.33070916456861
Europe,Andorra,2020-10-12,77265,7190,9.305636445997541
Asia,Israel,2021-08-03,8655541,805116,9.301740931040591
Europe,Czechia,2021-02-02,10708982,994514,9.286727720711454
Europe,Montenegro,2021-01-24,628062,58316,9.285070582203668
Europe,Luxembourg,2021-03-16,625976,58111,9.283263256099275
Asia,Bahrain,2021-12-04,1701583,157729,9.269544888495007
Europe,Andorra,2020-09-12,77265,7162,9.269397527988094
Asia,Israel,2021-07-03,8655541,801575,9.260830721037541
Europe,Luxembourg,2021-03-15,625976,57926,9.25370940738942
Asia,Israel,2021-06-03,8655541,799727,9.239480235839679
Europe,Andorra,2020-08-12,77265,7127,9.224098880476284
Europe,Montenegro,2021-01-23,628062,57929,9.22345246169964
Europe,Czechia,2021-01-02,10708982,987329,9.219634508676922
Asia,Israel,2021-05-03,8655541,796465,9.201793394543449
Europe,Estonia,2021-04-30,1326539,122019,9.198297223074482
Europe,Czechia,2021-01-31,10708982,984774,9.19577603174606
Asia,Bahrain,2021-11-04,1701583,156462,9.195084812201344
Europe,Luxembourg,2021-03-14,625976,57503,9.186134931690672
Europe,Luxembourg,2021-03-13,625976,57503,9.186134931690672
Europe,Luxembourg,2021-12-03,625976,57503,9.186134931690672
Europe,Estonia,2021-04-29,1326539,121657,9.171008164856065
Europe,Andorra,2020-07-12,77265,7084,9.168446256390345
Asia,Israel,2021-04-03,8655541,793407,9.166463424989841
Europe,Czechia,2021-01-30,10708982,980714,9.15786393141757
Europe,Luxembourg,2021-11-03,625976,57321,9.157060334581518
Europe,Montenegro,2021-01-22,628062,57482,9.152281144218245
Europe,Estonia,2021-04-28,1326539,121232,9.13896990589798
Asia,Bahrain,2021-10-04,1701583,155402,9.13278987860128
Europe,Andorra,2020-06-12,77265,7050,9.1244418559503
Asia,Israel,2021-03-03,8655541,789485,9.121151410408663
Europe,Luxembourg,2021-10-03,625976,57056,9.11472644318632
Europe,Estonia,2021-04-27,1326539,120836,9.109117786962917
Europe,Lithuania,2021-04-30,2722291,247269,9.083121532562096
Europe,Czechia,2021-01-29,10708982,972642,9.082487952636395
Europe,Luxembourg,2021-09-03,625976,56822,9.077344818331694
Europe,Montenegro,2021-01-21,628062,56998,9.075218688600808
Europe,Estonia,2021-04-26,1326539,120378,9.074591851426907
Asia,Israel,2021-02-03,8655541,785218,9.071853509792167
Asia,Bahrain,2021-09-04,1701583,154280,9.066851279073662
Europe,Andorra,2020-05-12,77265,7005,9.06620073772083
Europe,Estonia,2021-04-25,1326539,120215,9.062304236814748
Europe,Luxembourg,2021-08-03,625976,56677,9.05418099096451
Europe,Estonia,2021-04-24,1326539,120000,9.046096646988893
Europe,Lithuania,2021-04-29,2722291,245896,9.032686072135565
Europe,Estonia,2021-04-23,1326539,119610,9.01669683288618
Asia,Israel,2021-01-03,8655541,779958,9.011083189369677
Europe,Montenegro,2021-01-20,628062,56579,9.00850552970885
Europe,Czechia,2021-01-28,10708982,964660,9.007952389872353
Europe,Andorra,2020-04-12,77265,6955,9.00148838413253
Asia,Bahrain,2021-08-04,1701583,153074,8.995976099902267
Europe,Luxembourg,2021-07-03,625976,56296,8.993316037675566
Europe,Luxembourg,2021-06-03,625976,56296,8.993316037675566
Europe,Luxembourg,2021-05-03,625976,56296,8.993316037675566
Europe,Estonia,2021-04-22,1326539,119218,8.987146250506015
Europe,Lithuania,2021-04-28,2722291,244555,8.983426092214241
Europe,Luxembourg,2021-04-03,625976,56110,8.963602438432144
Asia,Israel,2021-02-28,8655541,775807,8.963125470724476
Europe,Estonia,2021-04-21,1326539,118789,8.954806454993031
Europe,Montenegro,2021-01-19,628062,56228,8.952619327391245
Europe,Andorra,2020-03-12,77265,6904,8.935481783472465
Asia,Israel,2021-02-27,8655541,773335,8.934565730784477
Europe,Luxembourg,2021-03-03,625976,55902,8.930374327450254
Asia,Bahrain,2021-07-04,1701583,151931,8.928803355463707
Europe,Czechia,2021-01-27,10708982,956155,8.928533076253187
Europe,Lithuania,2021-04-27,2722291,242926,8.923586787746055
Europe,Estonia,2021-04-20,1326539,118317,8.919225141514875
Asia,Israel,2021-02-26,8655541,770780,8.905047067537431
Europe,Netherlands,2021-04-30,17134873,1522973,8.888148747878084
Europe,Luxembourg,2021-02-03,625976,55632,8.887241683387224
Europe,Montenegro,2021-01-18,628062,55803,8.884950848801552
Europe,Lithuania,2021-04-26,2722291,241872,8.884869398605806
Europe,Estonia,2021-04-19,1326539,117782,8.878894627297049
Asia,Israel,2021-02-25,8655541,767726,8.869763311155248
Europe,Lithuania,2021-04-25,2722291,241297,8.863747483277871
Asia,Bahrain,2021-06-04,1701583,150811,8.862982293546656
Europe,Luxembourg,2021-01-03,625976,55480,8.862959602285072
Europe,Estonia,2021-04-18,1326539,117554,8.86170704366777
Europe,Andorra,2020-02-12,77265,6842,8.855238465022973
Europe,Netherlands,2021-04-29,17134873,1515165,8.8425808583466
Europe,Czechia,2021-01-26,10708982,946946,8.842539841788884
Europe,Montenegro,2021-01-17,628062,55493,8.835592664418481
Europe,Lithuania,2021-04-24,2722291,240522,8.835278814792394
Asia,Israel,2021-02-24,8655541,763756,8.82389673851698
Europe,Estonia,2021-04-17,1326539,117011,8.820773456340145
Europe,Luxembourg,2021-02-28,625976,55110,8.803851904865361
Europe,Luxembourg,2021-02-27,625976,55110,8.803851904865361
Europe,Luxembourg,2021-02-26,625976,55110,8.803851904865361
Asia,Bahrain,2021-05-04,1701583,149791,8.803038112157914
Europe,Estonia,2021-04-16,1326539,116678,8.795670538144751
Europe,Netherlands,2021-04-28,17134873,1506476,8.791871407509118
Europe,Lithuania,2021-04-23,2722291,239263,8.789031003665663
Europe,Andorra,2020-01-12,77265,6790,8.78793761729114
Europe,Montenegro,2021-01-16,628062,55136,8.77875114240314
Europe,Czechia,2021-01-25,10708982,940004,8.777715753000612
Asia,Israel,2021-02-23,8655541,759572,8.775557761207532
Europe,Luxembourg,2021-02-25,625976,54871,8.765671527342901
Europe,Estonia,2021-04-15,1326539,116200,8.759636919834245
Europe,Czechia,2021-01-24,10708982,937617,8.755426052635068
Asia,Bahrain,2021-04-04,1701583,148817,8.745797295812194
Europe,Netherlands,2021-04-27,17134873,1497806,8.741272841648724
Europe,Lithuania,2021-04-22,2722291,237950,8.740799569186395
Europe,Luxembourg,2021-02-24,625976,54678,8.734839674364512
Europe,Andorra,2020-11-30,77265,6745,8.72969649906167
Asia,Israel,2021-02-22,8655541,754998,8.722712999684248
Europe,Estonia,2021-04-14,1326539,115629,8.716592576622324
Europe,Czechia,2021-01-23,10708982,933361,8.715683712980375
Europe,Montenegro,2021-01-15,628062,54730,8.714107842856277
Europe,Netherlands,2021-04-26,17134873,1492437,8.709939081544404
Europe,Lithuania,2021-04-21,2722291,236533,8.688747823065205
Europe,Andorra,2020-11-29,77265,6712,8.686986345693393
Asia,Bahrain,2021-03-04,1701583,147770,8.684266356680808
Europe,Luxembourg,2021-02-23,625976,54354,8.683080501488876
Europe,Estonia,2021-04-13,1326539,115080,8.67520668446235
Europe,Netherlands,2021-04-25,17134873,1486205,8.673568809059747
Asia,Israel,2021-02-21,8655541,750043,8.665466433582834
Europe,Luxembourg,2021-02-22,625976,54172,8.654005904379721
Europe,Montenegro,2021-01-14,628062,54316,8.648190783712437
Europe,Lithuania,2021-04-20,2722291,235383,8.646503992409334
Europe,Czechia,2021-01-22,10708982,924847,8.636180357759496
Europe,Estonia,2021-12-04,1326539,114443,8.627186988094584
Europe,Netherlands,2021-04-24,17134873,1478144,8.626524398517573
Asia,Bahrain,2021-02-04,1701583,146454,8.606926608928275
Europe,Estonia,2021-11-04,1326539,114174,8.606908654777582
Europe,Lithuania,2021-04-19,2722291,234232,8.604223427987677
Asia,Israel,2021-02-20,8655541,744513,8.60157672408923
Asia,Israel,2021-02-19,8655541,744513,8.60157672408923
Europe,Luxembourg,2021-02-21,625976,53782,8.591703196288677
Europe,Luxembourg,2021-02-20,625976,53782,8.591703196288677
Europe,Luxembourg,2021-02-19,625976,53782,8.591703196288677
Europe,Lithuania,2021-04-18,2722291,233631,8.58214643474926
Europe,Netherlands,2021-04-23,17134873,1470037,8.57921152960982
Europe,Estonia,2021-10-04,1326539,113736,8.573890402016074
Europe,Montenegro,2021-01-13,628062,53840,8.57240208769198
Asia,Israel,2021-02-18,8655541,741934,8.571780781813638
Europe,Czechia,2021-01-21,10708982,917359,8.566257745133944
Europe,Luxembourg,2021-02-18,625976,53562,8.556558078903983
Europe,Andorra,2020-11-28,77265,6610,8.55497314437326
Europe,Andorra,2020-11-27,77265,6610,8.55497314437326
Europe,Lithuania,2021-04-17,2722291,232829,8.552685954587515
Europe,Belgium,2021-04-30,11589616,990229,8.544105343956176
Asia,Bahrain,2021-01-04,1701583,145380,8.543808912054246
Asia,Israel,2021-02-17,8655541,738629,8.533597148924601
Europe,Estonia,2021-09-04,1326539,113098,8.525795321509582
Europe,Netherlands,2021-04-22,17134873,1460753,8.525029628174075
Europe,Luxembourg,2021-02-17,625976,53329,8.519336204582924
Europe,Belgium,2021-04-29,11589616,986622,8.512982656198446
Europe,Lithuania,2021-04-16,2722291,231601,8.507576890200202
Europe,Montenegro,2021-12-01,628062,53338,8.49247367298133
Europe,Czechia,2021-01-20,10708982,909131,8.489425045256402
Asia,Bahrain,2021-03-31,1701583,144445,8.488860079114566
Asia,Israel,2021-02-16,8655541,734575,8.486760099686432
Europe,Belgium,2021-04-28,11589616,982959,8.481376777280628
Europe,Luxembourg,2021-02-16,625976,53062,8.476682812120591
Europe,Estonia,2021-08-04,1326539,112421,8.47476025959282
Europe,Netherlands,2021-04-21,17134873,1451071,8.468524978270922
Europe,Lithuania,2021-04-15,2722291,230462,8.465737130967996
Europe,Andorra,2020-11-26,77265,6534,8.456610366919044
Europe,Luxembourg,2021-02-15,625976,52923,8.45447748795481
"North America",Panama,2021-04-30,4314768,364576,8.449492533549892
Europe,Belgium,2021-04-27,11589616,979034,8.44751025400669
"North America",Panama,2021-04-29,4314768,364218,8.441195447820139
Asia,Bahrain,2021-03-30,1701583,143574,8.437672449713004
Asia,Israel,2021-02-15,8655541,730293,8.437288899677096
"North America",Panama,2021-04-28,4314768,363895,8.433709529689661
"North America",Panama,2021-04-27,4314768,363533,8.425319739091417
Europe,Belgium,2021-04-26,11589616,976088,8.422090947620697
Europe,Lithuania,2021-04-14,2722291,229260,8.421583144491166
Europe,Netherlands,2021-04-20,17134873,1442481,8.41839329652458
Europe,Estonia,2021-07-04,1326539,111664,8.417694466578066
"North America",Panama,2021-04-26,4314768,363165,8.416790891190441
"North America",Panama,2021-04-25,4314768,362967,8.412202000200244
Europe,Montenegro,2021-11-01,628062,52819,8.409838519127092
Europe,Belgium,2021-04-25,11589616,974418,8.407681496953826
"North America",Panama,2021-04-24,4314768,362696,8.40592124536012
Europe,Czechia,2021-01-19,10708982,899503,8.399519207334553
"North America",Panama,2021-04-23,4314768,362358,8.398087683972811
Europe,Luxembourg,2021-02-14,625976,52539,8.393133283065165
Europe,Luxembourg,2021-02-13,625976,52539,8.393133283065165
Europe,Luxembourg,2021-12-02,625976,52539,8.393133283065165
"North America",Panama,2021-04-22,4314768,361992,8.38960518850608
Europe,Belgium,2021-04-24,11589616,972041,8.387171757890858
Asia,Bahrain,2021-03-29,1701583,142669,8.384486680931815
"North America",Panama,2021-04-21,4314768,361678,8.382327856329704
Europe,Netherlands,2021-04-19,17134873,1435601,8.378241262716099
"North America",Panama,2021-04-20,4314768,361319,8.374007594382826
Europe,Lithuania,2021-04-13,2722291,227889,8.37122115159621
Europe,Luxembourg,2021-11-02,625976,52392,8.369649954630848
Asia,Israel,2021-02-14,8655541,724380,8.368974279019648
"North America",Panama,2021-04-19,4314768,361044,8.367634134674216
"North America",Panama,2021-04-18,4314768,360841,8.362929362598406
"North America",Panama,2021-04-17,4314768,360597,8.357274365620585
Europe,Belgium,2021-04-23,11589616,968107,8.353227578894762
"North America",Panama,2021-04-16,4314768,360249,8.349209042062053
Europe,Montenegro,2021-10-01,628062,52431,8.348061178673442
Europe,Luxembourg,2021-10-02,625976,52247,8.346486127263665
Europe,Estonia,2021-06-04,1326539,110680,8.343516474072757
Asia,Israel,2021-02-13,8655541,721846,8.339698234922576
"North America",Panama,2021-04-15,4314768,359830,8.339498207087843
Europe,Netherlands,2021-04-18,17134873,1428440,8.336449298457012
Asia,Bahrain,2021-03-28,1701583,141845,8.336061185378556
"North America",Panama,2021-04-14,4314768,359516,8.332220874911467
Europe,France,2021-04-30,68147687,5677835,8.33166208561121
Europe,Lithuania,2021-12-04,2722291,226783,8.330593606634999
Europe,Czechia,2021-01-18,10708982,891852,8.328074507922414
"North America",Panama,2021-04-13,4314768,359121,8.32306626914819
Europe,Belgium,2021-04-22,11589616,964526,8.32232922988993
Europe,Andorra,2020-11-25,77265,6428,8.31942017731185
"North America",Panama,2021-12-04,4314768,358792,8.315441293714981
"North America",Panama,2021-11-04,4314768,358611,8.311246398415859
Europe,Luxembourg,2021-09-02,625976,52022,8.310542257211138
Europe,Lithuania,2021-11-04,2722291,226173,8.308186009504496
"North America",Panama,2021-10-04,4314768,358377,8.305823163609261
Asia,Israel,2021-12-02,8655541,718746,8.303883027069018
Europe,Czechia,2021-01-17,10708982,889159,8.302927393098617
"North America",Panama,2021-09-04,4314768,358098,8.299356999032161
Europe,France,2021-04-29,68147687,5653533,8.296001300821846
"North America",Panama,2021-08-04,4314768,357704,8.290225569486006
Europe,Luxembourg,2021-08-02,625976,51879,8.28769793091109
Europe,Netherlands,2021-04-17,17134873,1419871,8.28644017379061
Europe,Belgium,2021-04-21,11589616,960169,8.284735231952466
"North America",Panama,2021-07-04,4314768,357277,8.28032932477482
Europe,Montenegro,2021-09-01,628062,51999,8.279278160436391
Europe,Lithuania,2021-10-04,2722291,225308,8.276411302098124
Europe,Estonia,2021-05-04,1326539,109781,8.275746133359064
Asia,Bahrain,2021-03-27,1701583,140818,8.275705622352833
"North America",Panama,2021-06-04,4314768,356913,8.271893181742332
"North America",Panama,2021-05-04,4314768,356556,8.2636192722297
"North America",Panama,2021-04-04,4314768,356377,8.259470729364823
Asia,Israel,2021-11-02,8655541,714812,8.258432372973566
Europe,France,2021-04-28,68147687,5626985,8.257044732860852
Europe,Czechia,2021-01-16,10708982,883906,8.253875111565225
"North America",Panama,2021-03-04,4314768,356073,8.25242515935967
"North America",Panama,2021-02-04,4314768,355850,8.247256862941414
Europe,Estonia,2021-04-04,1326539,109399,8.24694939236615
Europe,Belgium,2021-04-20,11589616,955056,8.240618153353829
Europe,Lithuania,2021-09-04,2722291,224309,8.239714270076197
"North America",Panama,2021-01-04,4314768,355499,8.239122010731515
Europe,Netherlands,2021-04-16,17134873,1411474,8.237434849969416
Europe,Luxembourg,2021-07-02,625976,51512,8.229069485092081
Europe,Luxembourg,2021-06-02,625976,51512,8.229069485092081
Europe,Luxembourg,2021-05-02,625976,51512,8.229069485092081
"North America",Panama,2021-03-31,4314768,355051,8.228739065460761
Asia,Bahrain,2021-03-26,1701583,139953,8.224870605782968
Europe,Andorra,2020-11-24,77265,6351,8.219763152785866
"North America",Panama,2021-03-30,4314768,354604,8.21837929640713
Europe,Montenegro,2021-08-01,628062,51596,8.2151125207384
Europe,Estonia,2021-03-04,1326539,108937,8.212121920275242
Europe,Belgium,2021-04-19,11589616,951626,8.211022694798515
Europe,France,2021-04-27,68147687,5595403,8.21070126708776
"North America",Panama,2021-03-29,4314768,354085,8.206350839720699
Europe,Portugal,2021-04-30,10196707,836493,8.203560227826493
"North America",Panama,2021-03-28,4314768,353839,8.200649490308633
Europe,Luxembourg,2021-04-02,625976,51330,8.199994887982925
Asia,Israel,2021-10-02,8655541,709729,8.199706985386586
Europe,Portugal,2021-04-29,10196707,836033,8.19904896747548
Europe,Belgium,2021-04-18,11589616,949996,8.196958380674563
Europe,Lithuania,2021-08-04,2722291,223127,8.19629495891512
Europe,Portugal,2021-04-28,10196707,835563,8.194439636247271
"North America",Panama,2021-03-27,4314768,353497,8.192723224052836
Europe,Portugal,2021-04-27,10196707,834991,8.188829982071663
Europe,Portugal,2021-04-26,10196707,834638,8.185368080106645
Europe,Netherlands,2021-04-15,17134873,1402433,8.184671109030104
Europe,Portugal,2021-04-25,10196707,834442,8.183445890913605
"North America",Panama,2021-03-26,4314768,353017,8.18159863983417
Europe,Portugal,2021-04-24,10196707,833964,8.17875810298364
Asia,Bahrain,2021-03-25,1701583,139124,8.176151266203293
Europe,Portugal,2021-04-23,10196707,833397,8.17319748424663
Europe,Estonia,2021-02-04,1326539,108418,8.172997552277016
"North America",Panama,2021-03-25,4314768,352579,8.171447456734636
Europe,Belgium,2021-04-17,11589616,947000,8.171107653609921
Europe,Portugal,2021-04-22,10196707,832891,8.168235097860515
Europe,Luxembourg,2021-03-02,625976,51128,8.167725280202436
Europe,Czechia,2021-01-15,10708982,874605,8.167022785172296
Europe,France,2021-04-26,68147687,5565080,8.166205259468308
Europe,Portugal,2021-04-21,10196707,832255,8.161997790070853
"North America",Panama,2021-03-24,4314768,352082,8.159928876824896
Europe,Andorra,2020-11-23,77265,6304,8.158933540412864
Europe,France,2021-04-25,68147687,5559121,8.15746101551473
Europe,Portugal,2021-04-20,10196707,831645,8.156015466561902
Europe,Lithuania,2021-07-04,2722291,222020,8.155630680188121
Europe,Portugal,2021-04-19,10196707,831221,8.151857261368793
"North America",Panama,2021-03-23,4314768,351667,8.150310746719175
Europe,Portugal,2021-04-18,10196707,831001,8.149699702070484
Europe,Montenegro,2021-07-01,628062,51160,8.145692622702855
Europe,Portugal,2021-04-17,10196707,830560,8.145374776386141
"North America",Panama,2021-03-22,4314768,351213,8.139788744145687
Europe,Portugal,2021-04-16,10196707,829911,8.139009976456125
Europe,Belgium,2021-04-16,11589616,943213,8.138431851409054
Europe,Luxembourg,2021-02-02,625976,50923,8.134976420821245
"North America",Panama,2021-03-21,4314768,350991,8.134643623944555
Europe,Portugal,2021-04-15,10196707,829358,8.13358665694719
Europe,Netherlands,2021-04-14,17134873,1393543,8.132788611856066
Asia,Israel,2021-09-02,8655541,703719,8.130271695322106
Europe,Portugal,2021-04-14,10196707,828857,8.128673305999671
"North America",Panama,2021-03-20,4314768,350665,8.127088177162712
Asia,Bahrain,2021-03-24,1701583,138283,8.126726700960225
Europe,Portugal,2021-04-13,10196707,828173,8.12196525799947
Europe,France,2021-04-24,68147687,5534656,8.121561044324219
Europe,Portugal,2021-12-04,10196707,827765,8.117963966209874
"North America",Panama,2021-03-19,4314768,350220,8.116774760543324
Europe,Portugal,2021-11-04,10196707,827494,8.115306245437866
Europe,Lithuania,2021-06-04,2722291,220900,8.114488862505882
Europe,Portugal,2021-10-04,10196707,826928,8.109755433788575
Europe,Belgium,2021-04-15,11589616,939309,8.10474652482015
Europe,Luxembourg,2021-01-02,625976,50733,8.104623819443557
Europe,Portugal,2021-09-04,10196707,826327,8.1038613740691
Europe,Netherlands,2021-04-13,17134873,1387961,8.100211772798083
"North America",Panama,2021-03-18,4314768,349505,8.100203765300938
Europe,Portugal,2021-08-04,10196707,825633,8.0970552551917
Europe,Andorra,2020-11-22,77265,6256,8.096809680968097
Europe,Croatia,2021-04-30,4105268,332183,8.091627635516122
Europe,Czechia,2021-01-14,10708982,866522,8.091544088877916
Europe,Portugal,2021-07-04,10196707,825031,8.091151388384505
Europe,Lithuania,2021-05-04,2722291,220212,8.089216031643936
"North America",Panama,2021-03-17,4314768,349020,8.088963299996662
Europe,Estonia,2021-01-04,1326539,107253,8.0851750306625
Europe,Portugal,2021-06-04,10196707,824368,8.084649289226414
Asia,Bahrain,2021-03-23,1701583,137550,8.083649166687726
"North America",Panama,2021-03-16,4314768,348580,8.078765764462887
Europe,Portugal,2021-05-04,10196707,823494,8.07607789455949
Europe,Portugal,2021-04-04,10196707,823335,8.074518567612072
Europe,France,2021-04-23,68147687,5502014,8.073662133243054
Europe,Portugal,2021-03-04,10196707,823142,8.072625799682191
Europe,Montenegro,2021-06-01,628062,50697,8.071973786027494
Europe,Belgium,2021-04-14,11589616,935316,8.07029326942325
Europe,Portugal,2021-02-04,10196707,822862,8.069879815120705
"North America",Panama,2021-03-15,4314768,348155,8.068915872185944
Europe,Hungary,2021-04-30,9660350,779348,8.067492378640525
Europe,Lithuania,2021-04-04,2722291,219607,8.066992103342368
Europe,Portugal,2021-01-04,10196707,822314,8.064505531050367
"North America",Panama,2021-03-14,4314768,347919,8.0634462849451
Europe,Netherlands,2021-12-04,17134873,1381182,8.060649180183594
Europe,Portugal,2021-03-31,10196707,821722,8.058699735120369
"North America",Panama,2021-03-13,4314768,347641,8.057003296585123
Europe,Portugal,2021-03-30,10196707,821104,8.052638954909659
Europe,Luxembourg,2021-01-31,625976,50388,8.049509885363017
Europe,Luxembourg,2021-01-30,625976,50388,8.049509885363017
Europe,Luxembourg,2021-01-29,625976,50388,8.049509885363017
Europe,Portugal,2021-03-29,10196707,820716,8.048833804874455
"North America",Panama,2021-12-03,4314768,347226,8.047385166479403
Asia,Israel,2021-08-02,8655541,696528,8.047191966394706
Europe,Portugal,2021-03-28,10196707,820407,8.0458034147691
Europe,Hungary,2021-04-29,9660350,776983,8.043010863995612
Europe,Croatia,2021-04-29,4105268,330176,8.042739231640907
Europe,Portugal,2021-03-27,10196707,820042,8.04222382775145
Europe,Lithuania,2021-03-04,2722291,218878,8.040213188083126
Europe,Portugal,2021-03-26,10196707,819698,8.038850189575909
"North America",Panama,2021-11-03,4314768,346775,8.036932692557281
Asia,Bahrain,2021-03-22,1701583,136741,8.036105203213713
Europe,Portugal,2021-03-25,10196707,819210,8.034064330768748
Europe,Andorra,2020-11-21,77265,6207,8.033391574451562
Europe,Portugal,2021-03-24,10196707,818787,8.029915932663359
Europe,Belgium,2021-04-13,11589616,930603,8.029627556253805
Europe,France,2021-04-22,68147687,5469674,8.026206377334567
"North America",Panama,2021-10-03,4314768,346301,8.02594716564135
Europe,Portugal,2021-03-23,10196707,818212,8.024276857224592
Europe,Luxembourg,2021-01-28,625976,50228,8.023949799992332
Europe,Estonia,2021-03-31,1326539,106424,8.022681579659551
Europe,Netherlands,2021-11-04,17134873,1374451,8.021366718037537
Europe,Portugal,2021-03-22,10196707,817778,8.020020581154288
Europe,Portugal,2021-03-21,10196707,817530,8.017588423399829
Europe,Hungary,2021-04-28,9660350,774399,8.016262350742984
"North America",Panama,2021-09-03,4314768,345759,8.013385655961109
Europe,Portugal,2021-03-20,10196707,817080,8.013175233926011
Europe,Portugal,2021-03-19,10196707,816623,8.008693394838156
Europe,Portugal,2021-03-18,10196707,816055,8.003122969013427
Europe,Lithuania,2021-02-04,2722291,217865,8.003001883340172
Europe,Luxembourg,2021-01-27,625976,50089,8.00174447582655
"North America",Panama,2021-08-03,4314768,345236,8.001264494406188
Europe,Belgium,2021-12-04,11589616,927229,8.000515288858578
Europe,Hungary,2021-04-27,9660350,772707,7.99874745739026
Europe,Portugal,2021-03-17,10196707,815570,7.998366531469424
Asia,Israel,2021-07-02,8655541,692101,7.996045538921252
"North America",Panama,2021-07-03,4314768,344834,7.991947655123057
Europe,Portugal,2021-03-16,10196707,814897,7.991766361434137
Asia,Bahrain,2021-03-21,1701583,135982,7.991499680003855
Europe,Czechia,2021-01-13,10708982,855600,7.989554936220829
Europe,Portugal,2021-03-15,10196707,814513,7.988000439749814
Europe,Hungary,2021-04-26,9660350,771454,7.9857769128447735
Europe,Portugal,2021-03-14,10196707,814257,7.985489825293597
Europe,Belgium,2021-11-04,11589616,925476,7.985389679865149
"North America",Panama,2021-06-03,4314768,344477,7.9836737456104245
Europe,Croatia,2021-04-28,4105268,327737,7.983327763254433
Europe,Portugal,2021-03-13,10196707,813716,7.9801841908372975
Europe,France,2021-04-21,68147687,5436229,7.977129143062478
Europe,Portugal,2021-12-03,10196707,813152,7.974652993363446
Europe,Netherlands,2021-10-04,17134873,1366024,7.972186312673575
Europe,Lithuania,2021-01-04,2722291,217005,7.9714108447627385
Europe,Montenegro,2021-05-01,628062,50054,7.969595358420029
Europe,Portugal,2021-11-03,10196707,812575,7.9689943037492394
"North America",Panama,2021-05-03,4314768,343743,7.966662402242716
Europe,Hungary,2021-04-25,9660350,769518,7.965736231088935
Europe,Luxembourg,2021-01-26,625976,49852,7.963883599371221
Europe,Portugal,2021-10-03,10196707,811948,7.962845259749055
Europe,Belgium,2021-10-04,11589616,922487,7.959599351695518
Europe,Portugal,2021-09-03,10196707,811306,7.956549109433075
"North America",Panama,2021-04-03,4314768,343281,7.955954989932251
Asia,Bahrain,2021-03-20,1701583,135326,7.952947343738155
Europe,Andorra,2020-11-20,77265,6142,7.949265514786773
Europe,Portugal,2021-08-03,10196707,810459,7.948242506134578
Europe,Estonia,2021-03-30,1326539,105416,7.9466943678248425
Europe,Luxembourg,2021-01-25,625976,49733,7.944873285876774
Europe,Portugal,2021-07-03,10196707,810094,7.944662919116927
"North America",Panama,2021-03-03,4314768,342741,7.943439832686254
Europe,Hungary,2021-04-24,9660350,767190,7.941637725341215
Europe,Lithuania,2021-03-31,2722291,216119,7.938864728274825
Europe,Portugal,2021-06-03,10196707,809412,7.937974485292163
Europe,Portugal,2021-05-03,10196707,808405,7.928098747958533
"North America",Panama,2021-02-03,4314768,342019,7.926706603924012
Europe,France,2021-04-20,68147687,5401305,7.92588162236526
Europe,Netherlands,2021-09-04,17134873,1358016,7.925451212856961
Asia,Israel,2021-06-02,8655541,685583,7.920741176085931
Europe,Belgium,2021-09-04,11589616,917917,7.9201675016670094
Europe,Portugal,2021-04-03,10196707,807456,7.918791821712637
"North America",Panama,2021-01-03,4314768,341420,7.912824049867803
Europe,Hungary,2021-04-23,9660350,764394,7.91269467462359
Europe,Croatia,2021-04-27,4105268,324833,7.912589385150981
Europe,Portugal,2021-03-03,10196707,806626,7.9106519389053735
Europe,Lithuania,2021-03-30,2722291,215216,7.90569413776852
Asia,Bahrain,2021-03-19,1701583,134510,7.90499199862716
Europe,Montenegro,2021-04-01,628062,49630,7.902086099779957
"North America",Panama,2021-02-28,4314768,340915,7.901120060221083
Europe,Portugal,2021-02-03,10196707,805647,7.901050800027891
Europe,Luxembourg,2021-01-24,625976,49438,7.897746878474574
Europe,Luxembourg,2021-01-23,625976,49438,7.897746878474574
Europe,Luxembourg,2021-01-22,625976,49438,7.897746878474574
Europe,Portugal,2021-01-03,10196707,804956,7.894274102413652
Europe,Portugal,2021-02-28,10196707,804562,7.890410109852132
"North America",Panama,2021-02-27,4314768,340445,7.89022723817364
Europe,Czechia,2021-12-01,10708982,844799,7.888695676208999
Europe,Portugal,2021-02-27,10196707,803844,7.883368620869463
Europe,Netherlands,2021-08-04,17134873,1350034,7.878867850377415
Europe,Luxembourg,2021-01-21,625976,49319,7.878736564980127
Europe,Belgium,2021-08-04,11589616,913057,7.878233411702337
Europe,Hungary,2021-04-22,9660350,760967,7.8772197694700505
"North America",Panama,2021-02-26,4314768,339781,7.874838230004487
Europe,Lithuania,2021-03-29,2722291,214365,7.8744337030831755
Europe,Portugal,2021-02-26,10196707,802773,7.872865229921777
Europe,Croatia,2021-04-26,4105268,323036,7.868816359857626
Asia,Israel,2021-05-02,8655541,680856,7.866128760755682
"North America",Panama,2021-02-25,4314768,339383,7.865614095589844
Europe,Portugal,2021-02-25,10196707,801746,7.862793350833755
Asia,Bahrain,2021-03-18,1701583,133779,7.862032001965229
Europe,France,2021-04-19,68147687,5357229,7.861204445574213
Europe,Luxembourg,2021-01-20,625976,49204,7.860365253619947
Europe,Lithuania,2021-03-28,2722291,213941,7.858858586389185
Europe,Croatia,2021-04-25,4105268,322626,7.858829192150184
Europe,Estonia,2021-03-29,1326539,104214,7.856082633077505
Europe,Portugal,2021-02-24,10196707,800586,7.8514171290790244
Europe,France,2021-04-18,68147687,5350521,7.851361118096349
Europe,Andorra,2020-11-19,77265,6066,7.850902737332557
"North America",Panama,2021-02-24,4314768,338701,7.849807915512491
Europe,Lithuania,2021-03-27,2722291,213447,7.840712106090055
Europe,Hungary,2021-04-21,9660350,757360,7.839881577789624
Europe,Portugal,2021-02-23,10196707,799106,7.836902639254026
Europe,Belgium,2021-07-04,11589616,908212,7.8364287479412615
Europe,Montenegro,2021-03-01,628062,49195,7.832825421694037
Europe,Netherlands,2021-07-04,17134873,1341742,7.830475311955916
"North America",Panama,2021-02-23,4314768,337805,7.829042024970984
Europe,Croatia,2021-04-24,4105268,321372,7.828283074332784
Europe,Portugal,2021-02-22,10196707,798074,7.826781724727406
Asia,Bahrain,2021-03-17,1701583,133137,7.824302428973491
Europe,Luxembourg,2021-01-19,625976,48975,7.823782381433155
Europe,Portugal,2021-02-21,10196707,797525,7.821397633569347
Europe,Hungary,2021-04-20,9660350,754833,7.813723105270514
"North America",Panama,2021-02-22,4314768,337087,7.812401501077231
Europe,Lithuania,2021-03-26,2722291,212676,7.812390372667727
Europe,Estonia,2021-03-28,1326539,103630,7.812058296062159
Europe,Luxembourg,2021-01-18,625976,48890,7.810203586079978
Europe,Portugal,2021-02-20,10196707,796339,7.8097664275339085
Europe,France,2021-04-17,68147687,5321176,7.808300228883777
Europe,Belgium,2021-06-04,11589616,904673,7.805892792306492
Asia,Israel,2021-04-02,8655541,675618,7.805612612776024
Europe,Czechia,2021-11-01,10708982,835454,7.80143247976325
"North America",Panama,2021-02-21,4314768,336521,7.799283762186055
Europe,Hungary,2021-04-19,9660350,753188,7.796694736733141
Europe,Portugal,2021-02-19,10196707,794769,7.794369299814146
Europe,Netherlands,2021-06-04,17134873,1335312,7.79294950128898
Europe,Belgium,2021-05-04,11589616,902964,7.791146833510274
Europe,Andorra,2020-11-18,77265,6018,7.788778877887789
"North America",Panama,2021-02-20,4314768,336037,7.788066473098901
Europe,Lithuania,2021-03-25,2722291,211804,7.780358528900841
Asia,Bahrain,2021-03-16,1701583,132369,7.779167986516085
Europe,Montenegro,2021-02-01,628062,48856,7.778849858771905
Asia,Georgia,2021-04-30,3989175,310310,7.778801381237975
Europe,Portugal,2021-02-18,10196707,792829,7.775343549638134
Europe,Belgium,2021-04-04,11589616,900996,7.7741661155986534
"North America",Panama,2021-02-19,4314768,335339,7.771889473547593
Europe,Hungary,2021-04-18,9660350,750508,7.768952470666177
Europe,Luxembourg,2021-01-17,625976,48630,7.768668447352614
Europe,Luxembourg,2021-01-16,625976,48630,7.768668447352614
Europe,Luxembourg,2021-01-15,625976,48630,7.768668447352614
Europe,Croatia,2021-04-23,4105268,318837,7.766533147166031
Europe,Czechia,2021-10-01,10708982,831165,7.76138198756894
Europe,Netherlands,2021-05-04,17134873,1329560,7.759380533488634
Europe,Portugal,2021-02-17,10196707,790885,7.756278571111242
Europe,France,2021-04-16,68147687,5285304,7.7556616118167
"North America",Panama,2021-02-18,4314768,334463,7.75158710734853
Europe,Lithuania,2021-03-24,2722291,211011,7.751228652631184
Europe,Luxembourg,2021-01-14,625976,48486,7.745664370518998
Europe,Estonia,2021-03-27,1326539,102738,7.744815644319542
Europe,Belgium,2021-03-04,11589616,897474,7.743776842994625
Asia,Georgia,2021-04-29,3989175,308834,7.741801249631816
Asia,Bahrain,2021-03-15,1701583,131683,7.738852586091892
Europe,Montenegro,2021-01-01,628062,48589,7.736338132222614
"North America",Panama,2021-02-17,4314768,333755,7.735178345625999
Europe,Portugal,2021-02-16,10196707,788561,7.733486899250905
Europe,Hungary,2021-04-17,9660350,746802,7.730589471395964
Asia,Israel,2021-03-02,8655541,668874,7.72769720575525
Europe,Luxembourg,2021-01-13,625976,48372,7.727452809692384
Europe,Netherlands,2021-04-04,17134873,1324021,7.727054644641954
"North America",Panama,2021-02-16,4314768,333251,7.723497532196401
Europe,Lithuania,2021-03-23,2722291,210202,7.721511036108924
Europe,Portugal,2021-02-15,10196707,787059,7.718756653496074
Asia,Lebanon,2021-04-30,6825442,526578,7.714928937935447
"North America",Panama,2021-02-15,4314768,332679,7.7102407360024925
Europe,Portugal,2021-02-14,10196707,785756,7.705978018197443
Asia,Georgia,2021-04-28,3989175,307401,7.705879035138845
Europe,Croatia,2021-04-22,4105268,316308,7.704929373673046
Europe,France,2021-04-15,68147687,5248853,7.702173369435121
Europe,Andorra,2020-11-17,77265,5951,7.702064324079466
Europe,Belgium,2021-02-04,11589616,892585,7.701592529036337
Asia,Lebanon,2021-04-29,6825442,525577,7.700263221048543
Asia,Bahrain,2021-03-14,1701583,131001,7.6987722608888305
"North America",Panama,2021-02-14,4314768,332179,7.6986526274413825
Europe,Luxembourg,2021-12-01,625976,48181,7.696940457781129
Europe,Lithuania,2021-03-22,2722291,209340,7.689846529999915
Europe,Portugal,2021-02-13,10196707,784079,7.689531532091684
"North America",Panama,2021-02-13,4314768,331692,7.687365809702862
Europe,Netherlands,2021-03-04,17134873,1316913,7.685571991108425
Europe,Hungary,2021-04-16,9660350,742198,7.682930742674955
Europe,Czechia,2021-09-01,10708982,822716,7.682485599471546
Europe,Montenegro,2020-12-31,628062,48247,7.6818849094516155
Asia,Lebanon,2021-04-28,6825442,524241,7.680689397111571
Europe,Lithuania,2021-03-21,2722291,209011,7.677761121055758
Europe,Liechtenstein,2021-04-30,38137,2926,7.672339198154024
Europe,Luxembourg,2021-11-01,625976,48027,7.672338875611845
"North America",Panama,2021-12-02,4314768,330985,7.6709802241974545
Asia,Georgia,2021-04-27,3989175,305850,7.666998815544568
Europe,Lithuania,2021-03-20,2722291,208650,7.664500231606393
Asia,Bahrain,2021-03-13,1701583,130404,7.663687284134832
Europe,Portugal,2021-12-02,10196707,781223,7.661522489564524
Europe,Belgium,2021-01-04,11589616,887920,7.661340979718396
Europe,Liechtenstein,2021-04-29,38137,2921,7.659228570679392
Asia,Lebanon,2021-04-27,6825442,522763,7.6590351218280075
Europe,Estonia,2021-03-26,1326539,101587,7.658048500647173
Europe,Andorra,2020-11-16,77265,5914,7.654177182424125
"North America",Panama,2021-11-02,4314768,330075,7.649889866616236
Europe,France,2021-04-14,68147687,5210772,7.646293263042075
Europe,Lithuania,2021-03-19,2722291,208048,7.64238650460219
Asia,Lebanon,2021-04-26,6825442,521581,7.641717562027485
Europe,Netherlands,2021-02-04,17134873,1308774,7.638072368555052
Europe,Croatia,2021-04-21,4105268,313423,7.634653815536526
Europe,Portugal,2021-11-02,10196707,778369,7.633533061212801
"North America",Panama,2021-10-02,4314768,329367,7.633481104893705
Asia,Lebanon,2021-04-25,6825442,520939,7.6323115777703485
Asia,Bahrain,2021-12-03,1701583,129825,7.629660145875929
Europe,Hungary,2021-04-15,9660350,736982,7.628936839762535
Asia,Georgia,2021-04-26,3989175,304272,7.627441764274569
Europe,Luxembourg,2021-10-01,625976,47744,7.627129474612445
